Size, Time
2,0.186368
2,0.164864
4,0.1536
8,0.178176
16,0.151552
32,0.165888
2,0.110592
4,0.150528
8,0.149504
16,0.15872
32,0.129024
2,0.15872
4,0.130048
8,0.125952
16,0.152576
32,0.154624
2,0.128
4,0.160768
8,0.151552
16,0.167936
32,0.149504
2,0.123904
4,0.150528
8,0.163808
16,0.15872
32,0.126976
2,0.15568
4,0.131072
8,0.14336
16,0.135168
32,0.1536
2,0.165888
4,0.132096
8,0.146432
16,0.145408
32,0.169984
2,0.123904
4,0.147456
8,0.150528
16,0.129024
32,0.154624
2,0.15056
4,0.126976
8,0.172032
16,0.13824
32,0.14848
2,0.177152
4,0.123904
8,0.173056
16,0.129024
32,0.146432
2,0.181248
4,0.129024
8,0.129024
16,0.130048
32,0.14336
2,0.146464
4,0.152576
8,0.132096
16,0.128
32,0.147456
2,0.146432
4,0.148544
8,0.1536
16,0.160768
32,0.12592
2,0.14848
4,0.12288
8,0.121856
16,0.128
32,0.160768
2,0.168928
4,0.126976
8,0.124928
16,0.128032
32,0.152576
2,0.13312
4,0.140288
8,0.131072
16,0.126976
32,0.167936
2,0.132096
4,0.150528
8,0.155648
16,0.157696
32,0.150528
2,0.139264
4,0.124928
8,0.149504
16,0.129024
32,0.124928
2,0.147456
4,0.146432
8,0.139264
16,0.155648
32,0.150592
2,0.150528
4,0.134144
8,0.171072
16,0.136192
32,0.110592
2,0.157696
2,0.214976
Running,Cuda,Prefix,Sum,with,float
2,0.155648
2,0.154624
4,0.132096
8,0.125952
16,0.148448
32,0.154624
64,0.14848
128,0.172032
256,0.12896
512,0.125952
1024,0.115712
2048,0.13312
4096,0.105472
8192,0.09728
16384,0.182272
32768,0.087872
65536,0.081632
131072,0.06016
262144,0.139968
524288,0.144288
1048576,0.15264
2097152,0.158368
4194304,0.204192
8388608,0.331232
16777216,0.480416
33554432,0.846336
67108864,1.50989
2,0.106496
4,0.139232
8,0.149472
16,0.128
32,0.15152
64,0.105472
128,0.142336
256,0.15056
512,0.140288
1024,0.044032
2048,0.118784
4096,0.191488
8192,0.185344
16384,0.096256
32768,0.091328
65536,0.31904
131072,0.1448
262144,0.135904
524288,0.137056
1048576,0.161344
2097152,0.148448
4194304,0.20992
8388608,0.31952
16777216,0.47792
33554432,0.81488
67108864,1.50416
2,0.128
4,0.134144
8,0.126976
16,0.14336
32,0.125984
64,0.161792
128,0.128
256,0.123904
512,0.151552
1024,0.096256
2048,0.132096
4096,0.094208
8192,0.108544
16384,0.090176
32768,0.184064
65536,0.090208
131072,0.163104
262144,0.127488
524288,0.142688
1048576,0.156512
2097152,0.177152
4194304,0.216576
8388608,0.310496
16777216,0.519808
33554432,0.820832
67108864,1.55053
2,0.04608
4,0.177152
8,0.126016
16,0.121856
32,0.175104
64,0.121856
128,0.173056
256,0.173056
512,0.128
1024,0.109568
2048,0.129024
4096,0.101376
8192,0.42496
16384,0.120832
32768,0.117248
65536,0.082464
131072,0.146784
262144,0.12464
524288,0.137952
1048576,0.160896
2097152,0.161184
4194304,0.207296
8388608,0.30992
16777216,0.480576
33554432,0.835712
67108864,1.50928
2,0.130048
4,0.125952
8,0.132096
16,0.156672
32,0.152576
64,0.156672
128,0.144384
256,0.152576
512,0.145408
1024,0.181248
2048,0.096256
4096,0.113664
8192,0.367616
16384,0.12288
32768,0.182624
65536,0.08192
131072,0.162336
262144,0.129792
524288,0.143712
1048576,0.15072
2097152,0.155712
4194304,0.205184
8388608,0.315136
16777216,0.477248
33554432,0.824064
67108864,1.50013
2,0.150464
4,0.134144
8,0.134144
16,0.156672
32,0.144384
64,0.144384
128,0.124928
256,0.152576
512,0.152576
1024,0.113664
2048,0.109568
4096,0.182272
8192,0.109568
16384,0.100352
32768,0.087904
65536,0.08016
131072,0.072864
262144,0.140128
524288,0.14432
1048576,0.1512
2097152,0.168128
4194304,0.210272
8388608,0.325504
16777216,0.48608
33554432,0.8216
67108864,1.53638
2,0.130048
4,0.120832
8,0.17408
16,0.147456
32,0.128
64,0.152576
128,0.151616
256,0.157696
512,0.130048
1024,0.135168
2048,0.11264
4096,0.116736
8192,0.221184
16384,0.043008
32768,0.19648
65536,0.08224
131072,0.180736
262144,0.124064
524288,0.141984
1048576,0.149312
2097152,0.166144
4194304,0.211296
8388608,0.32288
16777216,0.483328
33554432,0.834112
67108864,1.52432
2,0.134144
4,0.137184
8,0.151552
16,0.142336
32,0.146432
64,0.17504
128,0.149504
256,0.154624
512,0.142336
1024,0.30208
2048,0.11264
4096,0.114688
8192,0.108544
16384,0.096256
32768,0.152064
65536,0.153152
131072,0.162496
262144,0.1288
524288,0.14032
1048576,0.156448
2097152,0.162688
4194304,0.202144
8388608,0.310752
16777216,0.487968
33554432,0.817632
67108864,1.50858
2,0.116736
4,0.130112
8,0.123904
16,0.125984
32,0.149504
64,0.152576
128,0.149504
256,0.123904
512,0.145408
1024,0.108544
2048,0.366592
4096,0.11776
8192,0.104448
16384,0.09216
32768,0.09856
65536,0.202144
131072,0.14528
262144,0.12976
524288,0.153408
1048576,0.149408
2097152,0.169216
4194304,0.221984
8388608,0.307744
16777216,0.507168
33554432,0.826528
67108864,1.52685
2,0.130048
4,0.129024
8,0.135168
16,0.147456
32,0.147456
64,0.124928
128,0.155648
256,0.154624
512,0.149504
1024,0.134144
2048,0.131072
4096,0.287744
8192,0.182272
16384,0.091136
32768,0.088224
65536,0.076832
131072,0.146112
262144,0.135392
524288,0.140224
1048576,0.156768
2097152,0.14768
4194304,0.212064
8388608,0.328384
16777216,0.523168
33554432,0.832896
67108864,1.56214
2,0.124928
4,0.14848
8,0.13408
16,0.17408
32,0.181248
64,0.13312
128,0.1536
256,0.181248
512,0.13312
1024,0.12288
2048,0.041984
4096,0.113664
8192,0.052224
16384,0.100352
32768,0.105152
65536,0.175936
131072,0.154976
262144,0.129152
524288,0.146848
1048576,0.153472
2097152,0.150016
4194304,0.225952
8388608,0.315584
16777216,0.505664
33554432,0.823008
67108864,1.49376
2,0.136192
4,0.12704
8,0.127968
16,0.12384
32,0.1536
64,0.147456
128,0.154624
256,0.152576
512,0.15264
1024,0.127936
2048,0.108544
4096,0.36352
8192,0.423936
16384,0.181248
32768,0.187392
65536,0.165536
131072,0.196448
262144,0.127232
524288,0.142336
1048576,0.1608
2097152,0.146304
4194304,0.208256
8388608,0.305664
16777216,0.479264
33554432,0.84352
67108864,1.50742
2,0.123904
4,0.131072
8,0.132096
16,0.14336
32,0.151552
64,0.150528
128,0.150528
256,0.151552
512,0.142336
1024,0.365568
2048,0.180224
4096,0.135168
8192,0.18944
16384,0.09728
32768,0.222496
65536,0.0904
131072,0.166912
262144,0.136992
524288,0.141536
1048576,0.148064
2097152,0.152608
4194304,0.2192
8388608,0.321088
16777216,0.49312
33554432,0.819456
67108864,1.51344
2,0.146432
4,0.137216
8,0.147456
16,0.156672
32,0.153568
64,0.161792
128,0.155648
256,0.123904
512,0.155648
1024,0.191488
2048,0.113664
4096,0.098304
8192,0.109568
16384,0.096288
32768,0.09648
65536,0.163744
131072,0.155264
262144,0.13456
524288,0.176832
1048576,0.154528
2097152,0.179584
4194304,0.250528
8388608,0.314912
16777216,0.517216
33554432,0.828576
67108864,1.54973
2,0.119808
4,0.12384
8,0.150528
16,0.130048
32,0.182272
64,0.155616
128,0.150528
256,0.130048
512,0.118784
1024,0.109568
2048,0.128
4096,0.124928
8192,0.1024
16384,0.094208
32768,0.11808
65536,0.176928
131072,0.156672
262144,0.133056
524288,0.13488
1048576,0.15712
2097152,0.153824
4194304,0.235872
8388608,0.335136
16777216,0.51648
33554432,0.819008
67108864,1.5392
2,0.14848
4,0.128
8,0.157696
16,0.155616
32,0.130048
64,0.124928
128,0.1536
256,0.161792
512,0.14848
1024,0.111616
2048,0.144352
4096,0.109568
8192,0.103424
16384,0.1024
32768,0.085952
65536,0.08096
131072,0.0688
262144,0.12928
524288,0.1456
1048576,0.1568
2097152,0.169664
4194304,0.26608
8388608,0.304704
16777216,0.489728
33554432,0.800896
67108864,1.50963
2,0.160768
4,0.135168
8,0.1136
16,0.149472
32,0.123904
64,0.147456
128,0.128
256,0.154688
512,0.151552
1024,0.059392
2048,0.120832
4096,0.114688
8192,0.094208
16384,0.132096
32768,0.172544
65536,0.089056
131072,0.14672
262144,0.134336
524288,0.144096
1048576,0.15824
2097152,0.157856
4194304,0.216992
8388608,0.306048
16777216,0.486464
33554432,0.83216
67108864,1.52288
2,0.134144
4,0.152576
8,0.134144
16,0.128
32,0.100352
64,0.130048
128,0.139264
256,0.122816
512,0.139264
1024,0.115712
2048,0.115712
4096,0.116736
8192,0.187392
16384,0.154624
32768,0.09792
65536,0.076864
131072,0.145568
262144,0.129248
524288,0.27904
1048576,0.160032
2097152,0.154336
4194304,0.20768
8388608,0.306848
16777216,0.4776
33554432,0.827936
67108864,1.51434
2,0.104448
4,0.126976
8,0.126976
16,0.1536
32,0.154624
64,0.171008
128,0.125952
256,0.149504
512,0.165888
1024,0.109568
2048,0.181248
4096,0.105536
8192,0.150496
16384,0.185344
32768,0.180608
65536,0.168064
131072,0.069408
262144,0.154976
524288,0.139648
1048576,0.162528
2097152,0.145632
4194304,0.275488
8388608,0.315936
16777216,0.493792
33554432,0.815744
67108864,1.50848
2,0.132096
4,0.130048
8,0.139296
16,0.13312
32,0.147456
64,0.149504
128,0.12288
256,0.130048
512,0.129024
1024,0.142336
2048,0.18432
4096,0.372736
8192,0.181248
16384,0.205824
32768,0.090048
65536,0.07744
131072,0.153536
262144,0.126976
524288,0.144896
1048576,0.158688
2097152,0.156192
4194304,0.25216
8388608,0.307584
16777216,0.474592
33554432,0.824896
67108864,1.50493
2,0.12288
4,0.119872
8,0.126976
16,0.149504
32,0.121856
64,0.134144
128,0.152576
256,0.126976
512,0.152576
1024,0.108544
2048,0.096256
4096,0.222208
8192,0.137216
16384,0.09216
32768,0.126784
65536,0.193824
131072,0.149984
262144,0.045472
524288,0.142432
1048576,0.15712
2097152,0.153664
4194304,0.222464
8388608,0.31056
16777216,0.482784
33554432,0.821248
67108864,1.49891
2,0.134112
4,0.12288
8,0.15152
16,0.113664
32,0.15872
64,0.1536
128,0.15968
256,0.130048
512,0.145408
1024,0.104448
2048,0.120832
4096,0.134144
8192,0.116736
16384,0.09728
32768,0.094272
65536,0.079648
131072,0.183552
262144,0.132032
524288,0.14128
1048576,0.157056
2097152,0.1544
4194304,0.238752
8388608,0.348704
16777216,0.48256
33554432,0.827808
67108864,1.50173
2,0.115712
4,0.147456
8,0.139264
16,0.163904
32,0.14848
64,0.128
128,0.149504
256,0.124928
512,0.145408
1024,0.048128
2048,0.161792
4096,0.101376
8192,0.11872
16384,0.091136
32768,0.090432
65536,0.078944
131072,0.188768
262144,0.13392
524288,0.132512
1048576,0.161504
2097152,0.1528
4194304,0.246752
8388608,0.325184
16777216,0.49248
33554432,0.82144
67108864,1.50954
2,0.208896
4,0.130048
8,0.151552
16,0.147456
32,0.147456
64,0.151552
128,0.172032
256,0.149504
512,0.14848
1024,0.114752
2048,0.365568
4096,0.128
8192,0.116736
16384,0.095232
32768,0.092736
65536,0.19728
131072,0.216864
262144,0.145888
524288,0.131808
1048576,0.156448
2097152,0.155584
4194304,0.224608
8388608,0.321856
16777216,0.48256
33554432,0.824736
67108864,1.53958
2,0.129024
4,0.146432
8,0.119808
16,0.164864
32,0.156672
64,0.155648
128,0.156672
256,0.100352
512,0.152576
1024,0.211968
2048,0.116736
4096,0.192512
8192,0.149504
16384,0.188416
32768,0.356672
65536,0.211392
131072,0.086848
262144,0.13456
524288,0.14128
1048576,0.16224
2097152,0.15792
4194304,0.217728
8388608,0.326752
16777216,0.493856
33554432,0.82768
67108864,1.51539
2,0.152576
4,0.125952
8,0.134144
16,0.124928
32,0.128
64,0.1536
128,0.125952
256,0.122848
512,0.137216
1024,0.123904
2048,0.135168
4096,0.11776
8192,0.11264
16384,0.110592
32768,0.092736
65536,0.0856
131072,0.158144
262144,0.132448
524288,0.157472
1048576,0.152832
2097152,0.152224
4194304,0.219616
8388608,0.331872
16777216,0.533248
33554432,0.850144
67108864,1.50451
2,0.13824
4,0.121856
8,0.120832
16,0.159744
32,0.132096
64,0.159744
128,0.14848
256,0.150528
512,0.161792
1024,0.109568
2048,0.167936
4096,0.052224
8192,0.044032
16384,0.145408
32768,0.176672
65536,0.091808
131072,0.207776
262144,0.13472
524288,0.141728
1048576,0.127968
2097152,0.15472
4194304,0.220864
8388608,0.3088
16777216,0.49712
33554432,0.820032
67108864,1.53603
2,0.139264
4,0.131072
8,0.125952
16,0.149568
32,0.135168
64,0.1536
128,0.12288
256,0.132096
512,0.15568
1024,0.366592
2048,0.124928
4096,0.109568
8192,0.098304
16384,0.050176
32768,0.10208
65536,0.080544
131072,0.144576
262144,0.12864
524288,0.1616
1048576,0.157312
2097152,0.15408
4194304,0.209888
8388608,0.309856
16777216,0.530368
33554432,0.827552
67108864,1.49741
2,0.135168
4,0.126976
8,0.12704
16,0.156608
32,0.139264
64,0.16384
128,0.15872
256,0.144384
512,0.128
1024,0.136192
2048,0.166912
4096,0.114688
8192,0.114624
16384,0.186368
32768,0.094304
65536,0.0856
131072,0.17264
262144,0.144928
524288,0.150304
1048576,0.154656
2097152,0.158496
4194304,0.232896
8388608,0.304576
16777216,0.499296
33554432,0.84304
67108864,1.50192
2,0.123904
4,0.130048
8,0.149504
16,0.146432
32,0.123904
64,0.155648
128,0.1536
256,0.1536
512,0.124928
1024,0.144384
2048,0.116736
4096,0.109568
8192,0.362496
16384,0.181248
32768,0.094656
65536,0.108
131072,0.149184
262144,0.13344
524288,0.134912
1048576,0.156288
2097152,0.153984
4194304,0.234944
8388608,0.3552
16777216,0.478304
33554432,0.837504
67108864,1.54445
2,0.109632
4,0.128
8,0.126976
16,0.130048
32,0.134176
64,0.154624
128,0.125952
256,0.150464
512,0.120832
1024,0.044064
2048,0.11776
4096,0.113664
8192,0.103424
16384,0.093184
32768,0.097888
65536,0.100608
131072,0.149088
262144,0.128768
524288,0.150784
1048576,0.162016
2097152,0.171328
4194304,0.22192
8388608,0.352384
16777216,0.51008
33554432,0.840768
67108864,1.53226
2,0.139264
4,0.129024
8,0.128992
16,0.123904
32,0.180224
64,0.132096
128,0.124928
256,0.130048
512,0.175104
1024,0.11776
2048,0.365568
4096,0.111648
8192,0.126912
16384,0.044032
32768,0.17152
65536,0.09232
131072,0.16864
262144,0.135232
524288,0.139264
1048576,0.156256
2097152,0.169824
4194304,0.21936
8388608,0.314336
16777216,0.476768
33554432,0.827488
67108864,1.50237
2,0.429056
4,0.141312
8,0.126976
16,0.152576
32,0.129024
64,0.128
128,0.154624
256,0.14848
512,0.13824
1024,0.131072
2048,0.113664
4096,0.12288
8192,0.108544
16384,0.101376
32768,0.112224
65536,0.081728
131072,0.188096
262144,0.12704
524288,0.135136
1048576,0.18016
2097152,0.152064
4194304,0.251232
8388608,0.330048
16777216,0.531328
33554432,0.844416
67108864,1.50262
2,0.064512
4,0.120832
8,0.154624
16,0.139264
32,0.118784
64,0.152576
128,0.120832
256,0.178176
512,0.134144
1024,0.3072
2048,0.134144
4096,0.188416
8192,0.197632
16384,0.10752
32768,0.087008
65536,0.08448
131072,0.165152
262144,0.12784
524288,0.134848
1048576,0.147744
2097152,0.148768
4194304,0.217312
8388608,0.32512
16777216,0.479936
33554432,0.852896
67108864,1.50582
2,0.037888
4,0.130048
8,0.13824
16,0.162816
32,0.15152
64,0.126976
128,0.129024
256,0.152576
512,0.152576
1024,0.050176
2048,0.038912
4096,0.152576
8192,0.432128
16384,0.120832
32768,0.095008
65536,0.17168
131072,0.157728
262144,0.05568
524288,0.1424
1048576,0.181856
2097152,0.153536
4194304,0.258784
8388608,0.332256
16777216,0.501856
33554432,0.817184
67108864,1.50336
2,0.044032
4,0.130976
8,0.146432
16,0.149568
32,0.145376
64,0.149504
128,0.14848
256,0.131072
512,0.146432
1024,0.125952
2048,0.185344
4096,0.096256
8192,0.0512
16384,0.101376
32768,0.116864
65536,0.080768
131072,0.150624
262144,0.133024
524288,0.137952
1048576,0.177184
2097152,0.158368
4194304,0.210272
8388608,0.307424
16777216,0.490368
33554432,0.829536
67108864,1.5056
2,0.254976
4,0.12288
8,0.130048
16,0.125952
32,0.130048
64,0.128
128,0.151552
256,0.119808
512,0.156672
1024,0.366592
2048,0.114688
4096,0.10752
8192,0.186368
16384,0.186368
32768,0.088832
65536,0.079072
131072,0.173536
262144,0.130944
524288,0.135424
1048576,0.188192
2097152,0.152192
4194304,0.21584
8388608,0.31008
16777216,0.496928
33554432,0.827872
67108864,1.49878
2,0.110592
4,0.126976
8,0.145408
16,0.157696
32,0.160768
64,0.129024
128,0.128
256,0.130048
512,0.130048
1024,0.147424
2048,0.135168
4096,0.213024
8192,0.191488
16384,0.121856
32768,0.181024
65536,0.078784
131072,0.149152
262144,0.14096
524288,0.15184
1048576,0.15648
2097152,0.158176
4194304,0.213088
8388608,0.311776
16777216,0.511936
33554432,0.864672
67108864,1.55888
2,0.147456
4,0.124928
8,0.139264
16,0.1536
32,0.151552
64,0.159744
128,0.156672
256,0.155648
512,0.131072
1024,0.144384
2048,0.290816
4096,0.098304
8192,0.100352
16384,0.116736
32768,0.090464
65536,0.07888
131072,0.157952
262144,0.171008
524288,0.137696
1048576,0.154208
2097152,0.152512
4194304,0.213504
8388608,0.319104
16777216,0.483648
33554432,0.81328
67108864,1.50451
2,0.125952
4,0.125952
8,0.149504
16,0.154624
32,0.128032
64,0.150592
128,0.146432
256,0.151552
512,0.15872
1024,0.129024
2048,0.116736
4096,0.190464
8192,0.146432
16384,0.089088
32768,0.171232
65536,0.115584
131072,0.150016
262144,0.074688
524288,0.139296
1048576,0.152
2097152,0.151072
4194304,0.229216
8388608,0.319328
16777216,0.483936
33554432,0.82912
67108864,1.52237
2,0.132096
4,0.121856
8,0.120832
16,0.14848
32,0.147456
64,0.1536
128,0.154592
256,0.126976
512,0.131072
1024,0.105472
2048,0.111616
4096,0.116736
8192,0.100352
16384,0.094208
32768,0.087168
65536,0.10272
131072,0.173312
262144,0.12288
524288,0.142112
1048576,0.15264
2097152,0.153056
4194304,0.213856
8388608,0.315584
16777216,0.48432
33554432,0.841664
67108864,1.50131
2,0.202752
4,0.121856
8,0.126976
16,0.152576
32,0.150528
64,0.13008
128,0.162816
256,0.153664
512,0.16384
1024,0.198656
2048,0.111616
4096,0.367616
8192,0.0512
16384,0.186368
32768,0.103456
65536,0.114112
131072,0.15728
262144,0.128864
524288,0.134656
1048576,0.164192
2097152,0.14944
4194304,0.250368
8388608,0.318176
16777216,0.514496
33554432,0.831968
67108864,1.52205
2,0.10752
4,0.125952
8,0.130048
16,0.140288
32,0.157696
64,0.119808
128,0.123904
256,0.150528
512,0.150528
1024,0.11776
2048,0.13312
4096,0.166912
8192,0.432128
16384,0.186368
32768,0.096192
65536,0.164864
131072,0.15488
262144,0.1312
524288,0.164832
1048576,0.154816
2097152,0.153728
4194304,0.221504
8388608,0.32512
16777216,0.527296
33554432,0.830528
67108864,1.49619
2,0.12288
4,0.104448
8,0.129024
16,0.14848
32,0.142368
64,0.15872
128,0.182272
256,0.104448
512,0.1096
1024,0.181248
2048,0.300032
4096,0.326656
8192,0.105536
16384,0.120832
32768,0.219968
65536,0.085216
131072,0.170272
262144,0.127552
524288,0.14704
1048576,0.154624
2097152,0.18
4194304,0.210336
8388608,0.310432
16777216,0.483936
33554432,0.818336
67108864,1.50432
2,0.130048
4,0.120768
8,0.118784
16,0.103424
32,0.155616
64,0.158784
128,0.176128
256,0.175104
512,0.135168
1024,0.285696
2048,0.11264
4096,0.11776
8192,0.140288
16384,0.1024
32768,0.095008
65536,0.213824
131072,0.158368
262144,0.129632
524288,0.147008
1048576,0.153024
2097152,0.152896
4194304,0.215648
8388608,0.352384
16777216,0.486848
33554432,0.82176
67108864,1.53264
2,0.130048
4,0.124928
8,0.126976
16,0.142336
32,0.150528
64,0.108544
128,0.146432
256,0.125952
512,0.150528
1024,0.119808
2048,0.221184
4096,0.094208
8192,0.13312
16384,0.115712
32768,0.117696
65536,0.184384
131072,0.1464
262144,0.131584
524288,0.178912
1048576,0.160608
2097152,0.143776
4194304,0.223328
8388608,0.336608
16777216,0.495328
33554432,0.818048
67108864,1.54982
2,0.047104
4,0.112672
8,0.128
16,0.13312
32,0.134144
64,0.154624
128,0.14848
256,0.1536
512,0.152576
1024,0.12496
2048,0.171008
4096,0.110592
8192,0.099328
16384,0.132096
32768,0.08624
65536,0.078816
131072,0.149184
262144,0.133408
524288,0.137696
1048576,0.15328
2097152,0.1592
4194304,0.207712
8388608,0.327488
16777216,0.484256
33554432,0.825408
67108864,1.52656
2,0.123904
4,0.132096
8,0.129024
16,0.151616
32,0.155648
64,0.128
128,0.157696
256,0.175104
512,0.183296
1024,0.134176
2048,0.412672
4096,0.181248
8192,0.134144
16384,0.093184
32768,0.205312
65536,0.168896
131072,0.151936
262144,0.138592
524288,0.136032
1048576,0.159264
2097152,0.15712
4194304,0.212736
8388608,0.334144
16777216,0.487872
33554432,0.829952
67108864,1.52378
2,0.055296
4,0.132096
8,0.155648
16,0.14336
32,0.151552
64,0.150528
128,0.149504
256,0.129024
512,0.167936
1024,0.134144
2048,0.121856
4096,0.094208
8192,0.104448
16384,0.064512
32768,0.330368
65536,0.083968
131072,0.16576
262144,0.135776
524288,0.136832
1048576,0.153504
2097152,0.147136
4194304,0.216448
8388608,0.346976
16777216,0.487808
33554432,0.81504
67108864,1.53523
2,0.356352
4,0.129024
8,0.130048
16,0.15872
32,0.158688
64,0.129024
128,0.14848
256,0.130048
512,0.135168
1024,0.130048
2048,0.182272
4096,0.115712
8192,0.110624
16384,0.115712
32768,0.091424
65536,0.084896
131072,0.149184
262144,0.131072
524288,0.15936
1048576,0.159424
2097152,0.154816
4194304,0.227648
8388608,0.328704
16777216,0.514656
33554432,0.817536
67108864,1.51078
2,0.180224
4,0.15968
8,0.154624
16,0.12288
32,0.132096
64,0.132096
128,0.147456
256,0.120832
512,0.13312
1024,0.366592
2048,0.181248
4096,0.123904
8192,0.105472
16384,0.18432
32768,0.342688
65536,0.078176
131072,0.1744
262144,0.13376
524288,0.136672
1048576,0.122112
2097152,0.167584
4194304,0.23792
8388608,0.345504
16777216,0.485408
33554432,0.818208
67108864,1.52723
2,0.120832
4,0.134144
8,0.130048
16,0.15872
32,0.156672
64,0.15872
128,0.150528
256,0.13312
512,0.126976
1024,0.181248
2048,0.11264
4096,0.186368
8192,0.129024
16384,0.116736
32768,0.13664
65536,0.091552
131072,0.065504
262144,0.133376
524288,0.136352
1048576,0.15904
2097152,0.156576
4194304,0.229632
8388608,0.335776
16777216,0.48048
33554432,0.82064
67108864,1.50624
2,0.132096
4,0.150528
8,0.12496
16,0.156672
32,0.15872
64,0.132096
128,0.15264
256,0.157696
512,0.159744
1024,0.13312
2048,0.111616
4096,0.136192
8192,0.251904
16384,0.038912
32768,0.11152
65536,0.080608
131072,0.150176
262144,0.159296
524288,0.140128
1048576,0.149888
2097152,0.155872
4194304,0.220448
8388608,0.33856
16777216,0.481344
33554432,0.839168
67108864,1.5112
2,0.186368
4,0.121856
8,0.128
16,0.124928
32,0.162816
64,0.150528
128,0.154624
256,0.161792
512,0.132096
1024,0.130048
2048,0.116736
4096,0.0952
8192,0.14336
16384,0.118784
32768,0.35584
65536,0.205568
131072,0.145504
262144,0.048
524288,0.141824
1048576,0.165472
2097152,0.200032
4194304,0.215712
8388608,0.324512
16777216,0.497312
33554432,0.843104
67108864,1.52982
2,0.284672
4,0.132096
8,0.160768
16,0.128
32,0.155648
64,0.15568
128,0.136192
256,0.136192
512,0.156672
1024,0.111616
2048,0.154688
4096,0.095232
8192,0.185344
16384,0.10752
32768,0.171552
65536,0.115328
131072,0.186048
262144,0.132
524288,0.139008
1048576,0.163328
2097152,0.159104
4194304,0.249824
8388608,0.347456
16777216,0.485472
33554432,0.836576
67108864,1.53949
2,0.131072
4,0.15872
8,0.132096
16,0.16384
32,0.155648
64,0.188416
128,0.169984
256,0.157696
512,0.178176
1024,0.041984
2048,0.39424
4096,0.118784
8192,0.094208
16384,0.104448
32768,0.111424
65536,0.081696
131072,0.147488
262144,0.128416
524288,0.1304
1048576,0.171264
2097152,0.185376
4194304,0.209824
8388608,0.319456
16777216,0.477408
33554432,0.843552
67108864,1.5433
2,0.386048
4,0.128064
8,0.120832
16,0.13008
32,0.150592
64,0.130048
128,0.134176
256,0.130048
512,0.148448
1024,0.283616
2048,0.118784
4096,0.115712
8192,0.10656
16384,0.03584
32768,0.115392
65536,0.214752
131072,0.148896
262144,0.1352
524288,0.14864
1048576,0.154688
2097152,0.162624
4194304,0.229184
8388608,0.321504
16777216,0.479392
33554432,0.830688
67108864,1.5041
2,0.134144
4,0.126976
8,0.150464
16,0.135168
32,0.1536
64,0.150528
128,0.183296
256,0.147456
512,0.125952
1024,0.147456
2048,0.141312
4096,0.111616
8192,0.111616
16384,0.369664
32768,0.092608
65536,0.07712
131072,0.14688
262144,0.129152
524288,0.147296
1048576,0.158688
2097152,0.153664
4194304,0.219584
8388608,0.315104
16777216,0.488928
33554432,0.829408
67108864,1.53568
2,0.136192
4,0.129024
8,0.15152
16,0.134144
32,0.164864
64,0.156672
128,0.150528
256,0.186368
512,0.156672
1024,0.050176
2048,0.11264
4096,0.109568
8192,0.185344
16384,0.09216
32768,0.08928
65536,0.2216
131072,0.063648
262144,0.132864
524288,0.142368
1048576,0.169312
2097152,0.15088
4194304,0.212608
8388608,0.314464
16777216,0.488864
33554432,0.824928
67108864,1.53347
2,0.128
4,0.11776
8,0.127968
16,0.156736
32,0.128
64,0.1536
128,0.126976
256,0.134144
512,0.137216
1024,0.132064
2048,0.367616
4096,0.137216
8192,0.099328
16384,0.109568
32768,0.13296
65536,0.078592
131072,0.166048
262144,0.134016
524288,0.154368
1048576,0.145056
2097152,0.162496
4194304,0.223488
8388608,0.312384
16777216,0.4744
33554432,0.83696
67108864,1.51136
2,0.128
4,0.12288
8,0.13312
16,0.129024
32,0.15872
64,0.126976
128,0.1792
256,0.125952
512,0.147456
1024,0.111616
2048,0.121856
4096,0.04304
8192,0.100352
16384,0.094208
32768,0.091456
65536,0.175136
131072,0.155904
262144,0.128064
524288,0.136288
1048576,0.16384
2097152,0.15312
4194304,0.229888
8388608,0.319872
16777216,0.489568
33554432,0.8328
67108864,1.5241
2,0.050176
4,0.137216
8,0.132096
16,0.15968
32,0.148576
64,0.157696
128,0.13312
256,0.155648
512,0.152576
1024,0.19456
2048,0.104416
4096,0.11264
8192,0.115712
16384,0.09728
32768,0.089824
65536,0.092256
131072,0.164736
262144,0.127936
524288,0.13328
1048576,0.151456
2097152,0.157984
4194304,0.22912
8388608,0.316128
16777216,0.489536
33554432,0.836384
67108864,1.51459
2,0.135168
4,0.157696
8,0.106496
16,0.129024
32,0.133024
64,0.134144
128,0.136192
256,0.139264
512,0.15872
1024,0.388096
2048,0.106496
4096,0.108544
8192,0.119808
16384,0.094208
32768,0.08816
65536,0.079104
131072,0.165824
262144,0.151008
524288,0.138528
1048576,0.170304
2097152,0.178016
4194304,0.22352
8388608,0.316256
16777216,0.510432
33554432,0.83568
67108864,1.50707
2,0.088064
4,0.142336
8,0.132096
16,0.130048
32,0.172032
64,0.156672
128,0.130048
256,0.129024
512,0.150528
1024,0.42496
2048,0.120832
4096,0.101376
8192,0.185344
16384,0.186368
32768,0.126528
65536,0.180192
131072,0.075456
262144,0.131264
524288,0.136064
1048576,0.155808
2097152,0.150752
4194304,0.207392
8388608,0.313088
16777216,0.485632
33554432,0.851648
67108864,1.51174
2,0.055296
4,0.154624
8,0.115712
16,0.131072
32,0.156672
64,0.130048
128,0.163904
256,0.151552
512,0.128
1024,0.108544
2048,0.121856
4096,0.103424
8192,0.36864
16384,0.121856
32768,0.089856
65536,0.100288
131072,0.176448
262144,0.129824
524288,0.133536
1048576,0.153568
2097152,0.17072
4194304,0.22656
8388608,0.307232
16777216,0.4936
33554432,0.83648
67108864,1.50602
2,0.129024
4,0.131072
8,0.157696
16,0.134144
32,0.155648
64,0.152576
128,0.151552
256,0.167936
512,0.145408
1024,0.125952
2048,0.110592
4096,0.123904
8192,0.428032
16384,0.04608
32768,0.127968
65536,0.1992
131072,0.149472
262144,0.1328
524288,0.146816
1048576,0.158912
2097152,0.164832
4194304,0.215616
8388608,0.315456
16777216,0.493632
33554432,0.827744
67108864,1.55597
2,0.418816
4,0.157696
8,0.129024
16,0.173056
32,0.150528
64,0.132096
128,0.123904
256,0.149504
512,0.130048
1024,0.118784
2048,0.110592
4096,0.131072
8192,0.126976
16384,0.09728
32768,0.172128
65536,0.178624
131072,0.152
262144,0.13008
524288,0.151424
1048576,0.157312
2097152,0.156864
4194304,0.21568
8388608,0.323488
16777216,0.514304
33554432,0.836384
67108864,1.51286
2,0.068672
4,0.155648
8,0.136192
16,0.146432
32,0.1536
64,0.160768
128,0.136192
256,0.161792
512,0.131072
1024,0.043008
2048,0.365568
4096,0.367616
8192,0.106496
16384,0.362496
32768,0.2
65536,0.089056
131072,0.088192
262144,0.134496
524288,0.14272
1048576,0.158176
2097152,0.151104
4194304,0.208224
8388608,0.33328
16777216,0.486816
33554432,0.858432
67108864,1.53392
2,0.137216
4,0.131072
8,0.126944
16,0.155648
32,0.14336
64,0.161792
128,0.16896
256,0.147392
512,0.155648
1024,0.1536
2048,0.130048
4096,0.22528
8192,0.12288
16384,0.099328
32768,0.11088
65536,0.11008
131072,0.169792
262144,0.136608
524288,0.13616
1048576,0.167744
2097152,0.15472
4194304,0.211488
8388608,0.3464
16777216,0.480608
33554432,0.821184
67108864,1.50496
2,0.132096
4,0.123904
8,0.149504
16,0.144384
32,0.166912
64,0.141312
128,0.139264
256,0.150528
512,0.128
1024,0.1024
2048,0.11776
4096,0.118784
8192,0.125952
16384,0.041984
32768,0.10096
65536,0.17056
131072,0.151264
262144,0.131424
524288,0.138304
1048576,0.163648
2097152,0.173152
4194304,0.23136
8388608,0.328448
16777216,0.494816
33554432,0.82432
67108864,1.55699
2,0.13312
4,0.136192
8,0.14128
16,0.166912
32,0.14544
64,0.16384
128,0.135168
256,0.155616
512,0.134144
1024,0.10752
2048,0.11776
4096,0.101376
8192,0.091136
16384,0.115712
32768,0.341824
65536,0.098848
131072,0.160128
262144,0.1256
524288,0.141632
1048576,0.154464
2097152,0.15648
4194304,0.21728
8388608,0.3168
16777216,0.475232
33554432,0.830048
67108864,1.53629
2,0.118784
4,0.13312
8,0.126976
16,0.118784
32,0.159744
64,0.134144
128,0.137216
256,0.132096
512,0.135168
1024,0.132096
2048,0.111616
4096,0.1024
8192,0.109568
16384,0.186368
32768,0.098304
65536,0.196832
131072,0.175328
262144,0.140288
524288,0.140992
1048576,0.156928
2097152,0.151648
4194304,0.211744
8388608,0.324
16777216,0.4944
33554432,0.822624
67108864,1.5535
2,0.144384
4,0.134144
8,0.152576
16,0.152576
32,0.139264
64,0.150528
128,0.13312
256,0.154624
512,0.151552
1024,0.119808
2048,0.136192
4096,0.114688
8192,0.094208
16384,0.109568
32768,0.171488
65536,0.08672
131072,0.067776
262144,0.132576
524288,0.146944
1048576,0.168384
2097152,0.15536
4194304,0.210816
8388608,0.326304
16777216,0.480448
33554432,0.861632
67108864,1.5079
2,0.12288
4,0.159744
8,0.136192
16,0.156608
32,0.106496
64,0.14544
128,0.177184
256,0.14848
512,0.151552
1024,0.126976
2048,0.377856
4096,0.115712
8192,0.093184
16384,0.034816
32768,0.099648
65536,0.163744
131072,0.16768
262144,0.13472
524288,0.133088
1048576,0.159584
2097152,0.153088
4194304,0.205888
8388608,0.31264
16777216,0.485952
33554432,0.828768
67108864,1.53741
2,0.131072
4,0.153632
8,0.137216
16,0.14336
32,0.130048
64,0.132096
128,0.14848
256,0.130048
512,0.180224
1024,0.132096
2048,0.120832
4096,0.258048
8192,0.119808
16384,0.1024
32768,0.086592
65536,0.168064
131072,0.06528
262144,0.134208
524288,0.13104
1048576,0.170976
2097152,0.157184
4194304,0.213408
8388608,0.324032
16777216,0.488832
33554432,0.843072
67108864,1.52646
2,0.13312
4,0.126976
8,0.124928
16,0.145408
32,0.13824
64,0.149504
128,0.149504
256,0.111616
512,0.165888
1024,0.125952
2048,0.1536
4096,0.128
8192,0.114688
16384,0.11776
32768,0.099328
65536,0.17024
131072,0.094016
262144,0.138368
524288,0.138624
1048576,0.152736
2097152,0.149792
4194304,0.237664
8388608,0.322528
16777216,0.52224
33554432,0.829856
67108864,1.51008
2,0.103424
4,0.13312
8,0.130048
16,0.150528
32,0.159744
64,0.182272
128,0.154624
256,0.154624
512,0.131104
1024,0.115648
2048,0.181248
4096,0.094208
8192,0.187392
16384,0.096256
32768,0.101504
65536,0.081504
131072,0.147328
262144,0.137984
524288,0.137824
1048576,0.157664
2097152,0.158272
4194304,0.249888
8388608,0.306208
16777216,0.479232
33554432,0.828992
67108864,1.54576
2,0.131072
4,0.155648
8,0.135168
16,0.13312
32,0.142336
64,0.134144
128,0.10752
256,0.141312
512,0.157696
1024,0.129024
2048,0.32768
4096,0.21504
8192,0.106496
16384,0.186368
32768,0.157856
65536,0.093664
131072,0.249536
262144,0.148064
524288,0.13856
1048576,0.154624
2097152,0.15488
4194304,0.213344
8388608,0.305632
16777216,0.48048
33554432,0.832064
67108864,1.51328
2,0.057344
4,0.129024
8,0.150528
16,0.119808
32,0.130048
64,0.1536
128,0.149504
256,0.152576
512,0.183296
1024,0.112608
2048,0.106496
4096,0.191488
8192,0.187392
16384,0.099328
32768,0.101856
65536,0.208128
131072,0.16016
262144,0.133792
524288,0.152192
1048576,0.15792
2097152,0.155904
4194304,0.211872
8388608,0.310528
16777216,0.48208
33554432,0.818464
67108864,1.5528
2,0.130048
4,0.11264
8,0.139264
16,0.137216
32,0.106496
64,0.154624
128,0.146464
256,0.152576
512,0.135168
1024,0.10752
2048,0.181248
4096,0.131072
8192,0.110592
16384,0.091136
32768,0.091712
65536,0.089824
131072,0.153536
262144,0.134464
524288,0.13664
1048576,0.155136
2097152,0.148544
4194304,0.213312
8388608,0.321088
16777216,0.478976
33554432,0.814592
67108864,1.51757
2,0.03792
4,0.126016
8,0.14336
16,0.133088
32,0.129024
64,0.130048
128,0.132096
256,0.140288
512,0.176128
1024,0.104448
2048,0.136192
4096,0.10752
8192,0.094208
16384,0.095232
32768,0.170944
65536,0.0856
131072,0.15168
262144,0.125056
524288,0.136672
1048576,0.1632
2097152,0.153408
4194304,0.241248
8388608,0.375808
16777216,0.486784
33554432,0.830144
67108864,1.53078
2,0.208896
4,0.154624
8,0.139264
16,0.130048
32,0.176128
64,0.180224
128,0.10752
256,0.15872
512,0.150528
1024,0.36864
2048,0.124896
4096,0.041984
8192,0.096256
16384,0.099328
32768,0.087168
65536,0.077632
131072,0.148768
262144,0.126112
524288,0.138656
1048576,0.161376
2097152,0.1624
4194304,0.242272
8388608,0.30544
16777216,0.48528
33554432,0.836064
67108864,1.51037
2,0.125952
4,0.15664
8,0.12288
16,0.10752
32,0.132096
64,0.145344
128,0.181248
256,0.145408
512,0.14848
1024,0.136192
2048,0.17408
4096,0.106496
8192,0.115712
16384,0.052224
32768,0.089792
65536,0.089824
131072,0.177408
262144,0.14544
524288,0.145632
1048576,0.161824
2097152,0.148608
4194304,0.22016
8388608,0.323648
16777216,0.511776
33554432,0.840608
67108864,1.49696
2,0.131072
4,0.136192
8,0.106496
16,0.155648
32,0.131072
64,0.15872
128,0.14848
256,0.182272
512,0.100352
1024,0.180224
2048,0.043008
4096,0.311296
8192,0.10752
16384,0.185344
32768,0.365952
65536,0.180832
131072,0.07056
262144,0.124704
524288,0.144096
1048576,0.164096
2097152,0.156192
4194304,0.21088
8388608,0.320608
16777216,0.489344
33554432,0.829632
67108864,1.50445
2,0.124928
4,0.132096
8,0.123904
16,0.150528
32,0.145408
64,0.157696
128,0.135168
256,0.162816
512,0.160768
1024,0.197632
2048,0.115712
4096,0.280576
8192,0.100352
16384,0.095232
32768,0.090752
65536,0.18272
131072,0.148576
262144,0.129216
524288,0.138144
1048576,0.156576
2097152,0.162528
4194304,0.214976
8388608,0.32432
16777216,0.490144
33554432,0.820256
67108864,1.50426
2,0.135168
4,0.130048
8,0.125952
16,0.151552
32,0.171008
64,0.152576
128,0.13312
256,0.155648
512,0.166912
1024,0.108544
2048,0.116736
4096,0.144384
8192,0.09728
16384,0.098304
32768,0.08608
65536,0.183648
131072,0.19824
262144,0.134048
524288,0.141824
1048576,0.160896
2097152,0.175552
4194304,0.235776
8388608,0.327744
16777216,0.492032
33554432,0.830464
67108864,1.51776
2,0.149504
4,0.129024
8,0.132096
16,0.131072
32,0.161792
64,0.14336
128,0.134144
256,0.136192
512,0.144384
1024,0.110592
2048,0.139264
4096,0.297984
8192,0.104448
16384,0.09728
32768,0.099552
65536,0.12512
131072,0.161568
262144,0.12416
524288,0.136096
1048576,0.156864
2097152,0.156512
4194304,0.202752
8388608,0.331008
16777216,0.484736
33554432,0.82432
67108864,1.50461
2,0.136192
4,0.14336
8,0.130048
16,0.151616
32,0.128
64,0.132096
128,0.157696
256,0.13824
512,0.183296
1024,0.105472
2048,0.119808
4096,0.187392
8192,0.15872
16384,0.100352
32768,0.096576
65536,0.086272
131072,0.169216
262144,0.136096
524288,0.161792
1048576,0.17424
2097152,0.14864
4194304,0.21024
8388608,0.324704
16777216,0.47488
33554432,0.846016
67108864,1.50003
2,0.443392
4,0.137216
8,0.137216
16,0.118848
32,0.181248
64,0.137216
128,0.157696
256,0.150528
512,0.167936
1024,0.109568
2048,0.398368
4096,0.1136
8192,0.173056
16384,0.185344
32768,0.224928
65536,0.088608
131072,0.15472
262144,0.12928
524288,0.132672
1048576,0.163264
2097152,0.161568
4194304,0.240384
8388608,0.314336
16777216,0.475104
33554432,0.812928
67108864,1.5095
2,0.132096
4,0.123936
8,0.130048
16,0.137216
32,0.144384
64,0.136224
128,0.155648
256,0.14848
512,0.155648
1024,0.113664
2048,0.05632
4096,0.121856
8192,0.130048
16384,0.124928
32768,0.089024
65536,0.1784
131072,0.06624
262144,0.132704
524288,0.141248
1048576,0.1584
2097152,0.156704
4194304,0.208224
8388608,0.3112
16777216,0.482784
33554432,0.842912
67108864,1.51491
2,0.130016
4,0.14848
8,0.137216
16,0.126976
32,0.150528
64,0.141312
128,0.144384
256,0.144384
512,0.127008
1024,0.111616
2048,0.124928
4096,0.099328
8192,0.11264
16384,0.096256
32768,0.088864
65536,0.209856
131072,0.15456
262144,0.082464
524288,0.135488
1048576,0.157472
2097152,0.170048
4194304,0.2296
8388608,0.318016
16777216,0.482656
33554432,0.829888
67108864,1.5145
2,0.123904
4,0.131072
8,0.135168
16,0.155648
32,0.155648
64,0.115712
128,0.162816
256,0.13824
512,0.173056
1024,0.120832
2048,0.137216
4096,0.131072
8192,0.434176
16384,0.044032
32768,0.086016
65536,0.0824
131072,0.15072
262144,0.13472
524288,0.134432
1048576,0.16192
2097152,0.164384
4194304,0.235136
8388608,0.317184
16777216,0.52464
33554432,0.83088
67108864,1.51027
2,0.297984
4,0.128
8,0.130048
16,0.130048
32,0.15968
64,0.124928
128,0.128
256,0.112672
512,0.128
1024,0.115712
2048,0.123904
4096,0.367616
8192,0.106496
16384,0.187392
32768,0.095904
65536,0.089728
131072,0.071744
262144,0.13024
524288,0.142528
1048576,0.154944
2097152,0.14928
4194304,0.223968
8388608,0.31088
16777216,0.526528
33554432,0.84144
67108864,1.50064
2,0.1536
4,0.162784
8,0.145408
16,0.166912
32,0.159744
64,0.140288
128,0.1536
256,0.172032
512,0.13824
1024,0.129024
2048,0.149504
4096,0.11776
8192,0.286784
16384,0.09216
32768,0.102272
65536,0.323872
131072,0.15344
262144,0.130656
524288,0.14096
1048576,0.160064
2097152,0.156704
4194304,0.245888
8388608,0.317952
16777216,0.496864
33554432,0.833952
67108864,1.50394
2,0.145472
4,0.134144
8,0.132096
16,0.131072
32,0.129024
64,0.119776
128,0.134144
256,0.152576
512,0.130048
1024,0.111616
2048,0.047104
4096,0.36352
8192,0.413696
16384,0.098304
32768,0.34848
65536,0.079904
131072,0.153152
262144,0.125056
524288,0.136608
1048576,0.157824
2097152,0.15264
4194304,0.240928
8388608,0.314432
16777216,0.485248
33554432,0.825408
67108864,1.51328
2,0.133184
4,0.161792
8,0.13312
16,0.156672
32,0.142336
64,0.13824
128,0.164864
256,0.157696
512,0.169984
1024,0.16592
2048,0.113664
4096,0.120832
8192,0.155648
16384,0.162816
32768,0.087328
65536,0.080576
131072,0.17728
262144,0.136128
524288,0.145888
1048576,0.15456
2097152,0.157376
4194304,0.217504
8388608,0.327776
16777216,0.478336
33554432,0.834496
67108864,1.52227
2,0.129984
4,0.125952
8,0.128
16,0.151552
32,0.1536
64,0.155648
128,0.172032
256,0.14336
512,0.115712
1024,0.123904
2048,0.045056
4096,0.125952
8192,0.100352
16384,0.100352
32768,0.352672
65536,0.0792
131072,0.091232
262144,0.0488
524288,0.136544
1048576,0.159936
2097152,0.1576
4194304,0.220256
8388608,0.326784
16777216,0.479456
33554432,0.826816
67108864,1.54931
2,0.04608
4,0.128
8,0.120832
16,0.155648
32,0.150496
64,0.129024
128,0.156672
256,0.13312
512,0.150528
1024,0.114688
2048,0.13312
4096,0.14848
8192,0.187392
16384,0.119808
32768,0.12
65536,0.0872
131072,0.1472
262144,0.13504
524288,0.153536
1048576,0.173376
2097152,0.183776
4194304,0.233504
8388608,0.328928
16777216,0.48736
33554432,0.830272
67108864,1.51034
2,0.116736
4,0.152576
8,0.13312
16,0.15872
32,0.106496
64,0.16384
128,0.152576
256,0.13824
512,0.132096
1024,0.134176
2048,0.11776
4096,0.093184
8192,0.134144
16384,0.134144
32768,0.111296
65536,0.085824
131072,0.145824
262144,0.131776
524288,0.141696
1048576,0.161984
2097152,0.154816
4194304,0.235104
8388608,0.342912
16777216,0.510208
33554432,0.819488
67108864,1.53994
2,0.123904
4,0.1536
8,0.132064
16,0.13312
32,0.156672
64,0.14848
128,0.144384
256,0.132096
512,0.130048
1024,0.144384
2048,0.275456
4096,0.140288
8192,0.10752
16384,0.106496
32768,0.088416
65536,0.164928
131072,0.148128
262144,0.125024
524288,0.151584
1048576,0.156512
2097152,0.145856
4194304,0.217408
8388608,0.31792
16777216,0.490272
33554432,0.830176
67108864,1.51779
2,0.169984
4,0.1536
8,0.155648
16,0.124928
32,0.105472
64,0.137216
128,0.149504
256,0.131072
512,0.173056
1024,0.134144
2048,0.166912
4096,0.131072
8192,0.104448
16384,0.123904
32768,0.116736
65536,0.093824
131072,0.080448
262144,0.061408
524288,0.061344
1048576,0.067584
2097152,0.091808
4194304,0.185184
8388608,0.284512
16777216,0.431584
33554432,0.77712
67108864,1.47731
2,0.156672
4,0.129024
8,0.182272
16,0.152576
32,0.1536
64,0.166912
128,0.171008
256,0.139264
512,0.174176
1024,0.149504
2048,0.172032
4096,0.121856
8192,0.134144
16384,0.114688
32768,0.108864
65536,0.09376
131072,0.096992
262144,0.053024
524288,0.057696
1048576,0.068672
2097152,0.112704
4194304,0.181504
8388608,0.256832
16777216,0.450816
33554432,0.789952
67108864,1.47027
2,0.10752
4,0.150528
8,0.16384
16,0.140288
32,0.157696
64,0.147584
128,0.157696
256,0.131072
512,0.154624
1024,0.132096
2048,0.139264
4096,0.150528
8192,0.136192
16384,0.111616
32768,0.133824
65536,0.107136
131072,0.077312
262144,0.079552
524288,0.062464
1048576,0.064512
2097152,0.099136
4194304,0.15744
8388608,0.27936
16777216,0.459648
33554432,0.788576
67108864,1.49219
2,0.132096
4,0.14336
8,0.125952
16,0.1536
32,0.126976
64,0.164864
128,0.1528
256,0.106496
512,0.17408
1024,0.126976
2048,0.164864
4096,0.10752
8192,0.109568
16384,0.108544
32768,0.108384
65536,0.09984
131072,0.080192
262144,0.053856
524288,0.055424
1048576,0.0888
2097152,0.091936
4194304,0.153472
8388608,0.280192
16777216,0.449952
33554432,0.764288
67108864,1.50243
2,0.166912
4,0.14848
8,0.156672
16,0.127008
32,0.132064
64,0.1384
128,0.157696
256,0.14432
512,0.114688
1024,0.13824
2048,0.157856
4096,0.127968
8192,0.131072
16384,0.114688
32768,0.136352
65536,0.127936
131072,0.090624
262144,0.058816
524288,0.078528
1048576,0.0672
2097152,0.093952
4194304,0.18112
8388608,0.293344
16777216,0.446464
33554432,0.792192
67108864,1.46688
2,0.177152
4,0.151648
8,0.164864
16,0.125952
32,0.125952
64,0.16384
128,0.15872
256,0.154624
512,0.139264
1024,0.130048
2048,0.131072
4096,0.132192
8192,0.150528
16384,0.123904
32768,0.109056
65536,0.120832
131072,0.086112
262144,0.053312
524288,0.060928
1048576,0.064832
2097152,0.092
4194304,0.159456
8388608,0.300128
16777216,0.4344
33554432,0.793504
67108864,1.49203
2,0.166912
4,0.13296
8,0.137216
16,0.164032
32,0.154624
64,0.13824
128,0.154624
256,0.152576
512,0.161792
1024,0.15872
2048,0.13312
4096,0.10752
8192,0.11264
16384,0.14848
32768,0.117248
65536,0.10208
131072,0.09216
262144,0.052064
524288,0.058368
1048576,0.061792
2097152,0.092768
4194304,0.16528
8388608,0.283488
16777216,0.443104
33554432,0.785376
67108864,1.47667
2,0.142336
4,0.128
8,0.1536
16,0.132064
32,0.14944
64,0.137216
128,0.129024
256,0.131072
512,0.15872
1024,0.138272
2048,0.16384
4096,0.11264
8192,0.13312
16384,0.121856
32768,0.114752
65536,0.09424
131072,0.114624
262144,0.06208
524288,0.064384
1048576,0.068896
2097152,0.091328
4194304,0.163328
8388608,0.29552
16777216,0.463808
33554432,0.798304
67108864,1.4593
2,0.143392
4,0.110592
8,0.179232
16,0.109504
32,0.173216
64,0.13312
128,0.132096
256,0.149504
512,0.142336
1024,0.154624
2048,0.126976
4096,0.109568
8192,0.131136
16384,0.14336
32768,0.110432
65536,0.104192
131072,0.089024
262144,0.063936
524288,0.058144
1048576,0.064576
2097152,0.102784
4194304,0.172672
8388608,0.299648
16777216,0.473248
33554432,0.789824
67108864,1.49418
2,0.152576
4,0.145408
8,0.135168
16,0.152576
32,0.155648
64,0.149504
128,0.125952
256,0.145568
512,0.173888
1024,0.154624
2048,0.180224
4096,0.111552
8192,0.114688
16384,0.109568
32768,0.113504
65536,0.098112
131072,0.08208
262144,0.058944
524288,0.060544
1048576,0.06912
2097152,0.093248
4194304,0.175648
8388608,0.296192
16777216,0.42272
33554432,0.798464
67108864,1.51069
2,0.108544
4,0.153376
8,0.134144
16,0.14848
32,0.146432
64,0.165888
128,0.157696
256,0.165888
512,0.164864
1024,0.132
2048,0.152576
4096,0.156672
8192,0.133056
16384,0.107456
32768,0.106208
65536,0.105408
131072,0.076928
262144,0.05488
524288,0.052576
1048576,0.064416
2097152,0.098496
4194304,0.216896
8388608,0.271552
16777216,0.4392
33554432,0.778624
67108864,1.47059
2,0.162816
4,0.118784
8,0.131072
16,0.130048
32,0.131072
64,0.120832
128,0.1536
256,0.125952
512,0.150528
1024,0.14848
2048,0.157696
4096,0.132096
8192,0.13824
16384,0.111616
32768,0.10288
65536,0.094912
131072,0.079936
262144,0.054816
524288,0.085632
1048576,0.067776
2097152,0.096544
4194304,0.170944
8388608,0.257472
16777216,0.434176
33554432,0.76768
67108864,1.46211
2,0.132096
4,0.150528
8,0.13616
16,0.156672
32,0.181248
64,0.161792
128,0.159744
256,0.130048
512,0.164864
1024,0.13312
2048,0.136192
4096,0.163936
8192,0.155648
16384,0.110592
32768,0.101312
65536,0.092352
131072,0.077408
262144,0.056256
524288,0.063584
1048576,0.06832
2097152,0.094848
4194304,0.143392
8388608,0.247744
16777216,0.432672
33554432,0.776192
67108864,1.43952
2,0.155648
4,0.177152
8,0.151552
16,0.16384
32,0.154624
64,0.152576
128,0.129024
256,0.161792
512,0.147456
1024,0.13312
2048,0.161792
4096,0.1024
8192,0.116736
16384,0.11776
32768,0.103488
65536,0.12672
131072,0.074272
262144,0.054368
524288,0.062336
1048576,0.060416
2097152,0.088864
4194304,0.17184
8388608,0.282496
16777216,0.429984
33554432,0.76976
67108864,1.45478
2,0.159744
4,0.16384
8,0.157696
16,0.12288
32,0.166912
64,0.1536
128,0.135168
256,0.175104
512,0.185344
1024,0.125952
2048,0.128
4096,0.154624
8192,0.110592
16384,0.105472
32768,0.129216
65536,0.122944
131072,0.084224
262144,0.05328
524288,0.065888
1048576,0.081696
2097152,0.095264
4194304,0.161376
8388608,0.253344
16777216,0.454912
33554432,0.767616
67108864,1.47923
2,0.129024
4,0.15872
8,0.149504
16,0.15872
32,0.175104
64,0.1648
128,0.147456
256,0.1536
512,0.132096
1024,0.157696
2048,0.151488
4096,0.108544
8192,0.111616
16384,0.105472
32768,0.110368
65536,0.09312
131072,0.082944
262144,0.062496
524288,0.056608
1048576,0.069376
2097152,0.095552
4194304,0.205152
8388608,0.438752
16777216,0.447072
33554432,0.8064
67108864,1.46051
2,0.132096
4,0.129024
8,0.171008
16,0.13312
32,0.136192
64,0.15872
128,0.132096
256,0.135168
512,0.13824
1024,0.156736
2048,0.16176
4096,0.137216
8192,0.11776
16384,0.113664
32768,0.11984
65536,0.125472
131072,0.081248
262144,0.052256
524288,0.064
1048576,0.071488
2097152,0.103808
4194304,0.169376
8388608,0.309056
16777216,0.461664
33554432,0.801088
67108864,1.49968
2,0.136192
4,0.152544
8,0.155648
16,0.136192
32,0.13824
64,0.130048
128,0.152576
256,0.130976
512,0.154592
1024,0.125952
2048,0.14528
4096,0.139264
8192,0.137216
16384,0.110592
32768,0.112384
65536,0.098048
131072,0.098368
262144,0.056352
524288,0.058112
1048576,0.077888
2097152,0.089856
4194304,0.164224
8388608,0.323584
16777216,0.451648
33554432,0.802752
67108864,1.45568
2,0.163904
4,0.135168
8,0.191488
16,0.162816
32,0.14848
64,0.128
128,0.144384
256,0.167936
512,0.151552
1024,0.144352
2048,0.134144
4096,0.136288
8192,0.118784
16384,0.104448
32768,0.109856
65536,0.093504
131072,0.087616
262144,0.045632
524288,0.05984
1048576,0.069824
2097152,0.11712
4194304,0.164608
8388608,0.266272
16777216,0.437344
33554432,0.800672
67108864,1.47555
2,0.151552
4,0.131072
8,0.162816
16,0.132096
32,0.133088
64,0.131072
128,0.13296
256,0.13824
512,0.128096
1024,0.151616
2048,0.129888
4096,0.125952
8192,0.139264
16384,0.110592
32768,0.101952
65536,0.095392
131072,0.076448
262144,0.061952
524288,0.055968
1048576,0.068064
2097152,0.0832
4194304,0.179424
8388608,0.28528
16777216,0.481984
33554432,0.830752
67108864,1.45562
2,0.164864
4,0.134144
8,0.1536
16,0.118784
32,0.130048
64,0.153536
128,0.13808
256,0.152576
512,0.158592
1024,0.131072
2048,0.136064
4096,0.129024
8192,0.118784
16384,0.113536
32768,0.1024
65536,0.094496
131072,0.101824
262144,0.052416
524288,0.066144
1048576,0.068992
2097152,0.09248
4194304,0.155296
8388608,0.27392
16777216,0.449504
33554432,0.809376
67108864,1.48573
2,0.181088
4,0.15872
8,0.166848
16,0.1536
32,0.130048
64,0.149504
128,0.135168
256,0.13312
512,0.136192
1024,0.13312
2048,0.166912
4096,0.14144
8192,0.11776
16384,0.105472
32768,0.1056
65536,0.13568
131072,0.075392
262144,0.05296
524288,0.066176
1048576,0.06384
2097152,0.0936
4194304,0.177888
8388608,0.312
16777216,0.451008
33554432,0.784384
67108864,1.48467
2,0.119808
4,0.179008
8,0.098304
16,0.13312
32,0.133056
64,0.15872
128,0.15376
256,0.130048
512,0.12288
1024,0.164864
2048,0.156672
4096,0.131008
8192,0.128192
16384,0.120832
32768,0.102144
65536,0.10432
131072,0.079552
262144,0.054496
524288,0.06352
1048576,0.071072
2097152,0.104768
4194304,0.181632
8388608,0.286656
16777216,0.460224
33554432,0.803456
67108864,1.46525
2,0.155648
4,0.156672
8,0.181056
16,0.155648
32,0.149504
64,0.128
128,0.130048
256,0.124736
512,0.132256
1024,0.140288
2048,0.151552
4096,0.134144
8192,0.104448
16384,0.140288
32768,0.103168
65536,0.100416
131072,0.078688
262144,0.05248
524288,0.076512
1048576,0.0592
2097152,0.089664
4194304,0.21296
8388608,0.263872
16777216,0.46048
33554432,0.788128
67108864,1.50992
2,0.130976
4,0.18432
8,0.147264
16,0.155648
32,0.153568
64,0.146432
128,0.130048
256,0.132096
512,0.15456
1024,0.14016
2048,0.128
4096,0.10752
8192,0.130976
16384,0.11264
32768,0.099744
65536,0.091616
131072,0.078208
262144,0.052704
524288,0.059168
1048576,0.08832
2097152,0.090048
4194304,0.17952
8388608,0.279552
16777216,0.43856
33554432,0.794816
67108864,1.47738
2,0.151552
4,0.1752
8,0.151552
16,0.16896
32,0.162816
64,0.131072
128,0.165888
256,0.152576
512,0.136064
1024,0.172032
2048,0.156672
4096,0.110592
8192,0.131936
16384,0.114688
32768,0.104256
65536,0.098496
131072,0.07616
262144,0.057696
524288,0.061984
1048576,0.071904
2097152,0.09136
4194304,0.180416
8388608,0.29568
16777216,0.494976
33554432,0.816992
67108864,1.48278
2,0.133952
4,0.151552
8,0.157696
16,0.154624
32,0.157696
64,0.131104
128,0.126976
256,0.161792
512,0.146432
1024,0.159744
2048,0.136
4096,0.137088
8192,0.135168
16384,0.118816
32768,0.12976
65536,0.101312
131072,0.089216
262144,0.055296
524288,0.058624
1048576,0.075744
2097152,0.090304
4194304,0.155104
8388608,0.271136
16777216,0.444
33554432,0.793952
67108864,1.45514
2,0.131072
4,0.124032
8,0.178048
16,0.106496
32,0.151552
64,0.144384
128,0.140288
256,0.1536
512,0.144384
1024,0.152576
2048,0.157696
4096,0.108544
8192,0.137216
16384,0.142336
32768,0.111392
65536,0.096576
131072,0.103904
262144,0.050304
524288,0.051296
1048576,0.074848
2097152,0.09264
4194304,0.177312
8388608,0.278144
16777216,0.438272
33554432,0.777984
67108864,1.4905
2,0.157696
4,0.155648
8,0.156672
16,0.129024
32,0.157696
64,0.1496
128,0.132096
256,0.162816
512,0.147456
1024,0.148384
2048,0.145408
4096,0.134144
8192,0.124928
16384,0.103424
32768,0.106112
65536,0.092352
131072,0.077952
262144,0.067264
524288,0.064192
1048576,0.068864
2097152,0.100288
4194304,0.150496
8388608,0.261632
16777216,0.432672
33554432,0.76928
67108864,1.44662
2,0.16896
4,0.132096
8,0.150528
16,0.151552
32,0.14336
64,0.153568
128,0.159744
256,0.139296
512,0.1536
1024,0.15872
2048,0.160768
4096,0.139232
8192,0.146432
16384,0.108544
32768,0.109568
65536,0.103456
131072,0.085824
262144,0.051936
524288,0.057536
1048576,0.064576
2097152,0.090016
4194304,0.17184
8388608,0.258944
16777216,0.436768
33554432,0.771456
67108864,1.46221
2,0.155648
4,0.149504
8,0.155648
16,0.13824
32,0.157696
64,0.155648
128,0.160768
256,0.151552
512,0.18432
1024,0.125952
2048,0.105472
4096,0.10752
8192,0.13104
16384,0.152576
32768,0.11824
65536,0.096544
131072,0.078528
262144,0.054848
524288,0.061024
1048576,0.061408
2097152,0.09424
4194304,0.166208
8388608,0.267616
16777216,0.427648
33554432,0.78144
67108864,1.4512
2,0.108544
4,0.176128
8,0.159744
16,0.119808
32,0.13312
64,0.15872
128,0.131072
256,0.159744
512,0.161792
1024,0.152576
2048,0.154624
4096,0.10752
8192,0.106496
16384,0.109568
32768,0.109184
65536,0.098016
131072,0.077184
262144,0.052672
524288,0.064544
1048576,0.07584
2097152,0.0936
4194304,0.159776
8388608,0.280512
16777216,0.448768
33554432,0.780032
67108864,1.50272
2,0.13824
4,0.162816
8,0.156672
16,0.166912
32,0.157696
64,0.177152
128,0.106496
256,0.16176
512,0.131072
1024,0.175104
2048,0.142336
4096,0.135104
8192,0.142336
16384,0.11776
32768,0.108
65536,0.13392
131072,0.077792
262144,0.060608
524288,0.067552
1048576,0.068192
2097152,0.085984
4194304,0.20464
8388608,0.289312
16777216,0.457344
33554432,0.77952
67108864,1.47802
2,0.109568
4,0.123904
8,0.176128
16,0.152544
32,0.123776
64,0.149344
128,0.126912
256,0.113664
512,0.154624
1024,0.159744
2048,0.15872
4096,0.114528
8192,0.108544
16384,0.107424
32768,0.129632
65536,0.099136
131072,0.08
262144,0.052992
524288,0.059808
1048576,0.0736
2097152,0.087904
4194304,0.179648
8388608,0.293728
16777216,0.459104
33554432,0.794144
67108864,1.45882
2,0.14848
4,0.144384
8,0.135168
16,0.132096
32,0.164928
64,0.128
128,0.164864
256,0.131072
512,0.126976
1024,0.185344
2048,0.134976
4096,0.105472
8192,0.113664
16384,0.123904
32768,0.106496
65536,0.11712
131072,0.078112
262144,0.050208
524288,0.061088
1048576,0.074624
2097152,0.092864
4194304,0.161376
8388608,0.271744
16777216,0.449216
33554432,0.781696
67108864,1.45194
2,0.156672
4,0.134144
8,0.142336
16,0.129024
32,0.171008
64,0.132096
128,0.16896
256,0.13312
512,0.164864
1024,0.1536
2048,0.141312
4096,0.105472
8192,0.144384
16384,0.110592
32768,0.108544
65536,0.101728
131072,0.077504
262144,0.05296
524288,0.055136
1048576,0.078336
2097152,0.099584
4194304,0.18288
8388608,0.291072
16777216,0.458368
33554432,0.803552
67108864,1.48912
2,0.136192
4,0.160768
8,0.162816
16,0.146336
32,0.13104
64,0.125952
128,0.13312
256,0.178176
512,0.152576
1024,0.175104
2048,0.154624
4096,0.131136
8192,0.10752
16384,0.11776
32768,0.102176
65536,0.126944
131072,0.094976
262144,0.05424
524288,0.055072
1048576,0.082624
2097152,0.095488
4194304,0.190464
8388608,0.284832
16777216,0.45568
33554432,0.78736
67108864,1.48416
2,0.164864
4,0.14336
8,0.157696
16,0.162816
32,0.14848
64,0.144384
128,0.157696
256,0.149504
512,0.150528
1024,0.132096
2048,0.159648
4096,0.14848
8192,0.13712
16384,0.134144
32768,0.123296
65536,0.105472
131072,0.098464
262144,0.053408
524288,0.053536
1048576,0.074752
2097152,0.093696
4194304,0.17072
8388608,0.266752
16777216,0.436576
33554432,0.778304
67108864,1.47098
2,0.126976
4,0.156672
8,0.154624
16,0.15776
32,0.167904
64,0.165888
128,0.129024
256,0.14336
512,0.145408
1024,0.1536
2048,0.162816
4096,0.13824
8192,0.137216
16384,0.111616
32768,0.11216
65536,0.094624
131072,0.080992
262144,0.042496
524288,0.056992
1048576,0.069472
2097152,0.099904
4194304,0.163008
8388608,0.30256
16777216,0.457216
33554432,0.79504
67108864,1.45363
2,0.136192
4,0.136192
8,0.131072
16,0.151392
32,0.154624
64,0.152576
128,0.139136
256,0.144384
512,0.155648
1024,0.100352
2048,0.159744
4096,0.135168
8192,0.104448
16384,0.121856
32768,0.128128
65536,0.115904
131072,0.088032
262144,0.050048
524288,0.059264
1048576,0.06128
2097152,0.089824
4194304,0.16688
8388608,0.256864
16777216,0.428416
33554432,0.77744
67108864,1.51885
2,0.131072
4,0.145408
8,0.15872
16,0.130048
32,0.102272
64,0.155648
128,0.1536
256,0.166912
512,0.131072
1024,0.12176
2048,0.160768
4096,0.130048
8192,0.129024
16384,0.115712
32768,0.112
65536,0.10608
131072,0.07792
262144,0.055296
524288,0.058176
1048576,0.068064
2097152,0.092448
4194304,0.163136
8388608,0.292608
16777216,0.458592
33554432,0.788192
67108864,1.45818
2,0.131072
4,0.128
8,0.156672
16,0.155648
32,0.126976
64,0.155648
128,0.130048
256,0.159744
512,0.150528
1024,0.15872
2048,0.134144
4096,0.149568
8192,0.141312
16384,0.137216
32768,0.10384
65536,0.097632
131072,0.081248
262144,0.054144
524288,0.06496
1048576,0.06912
2097152,0.089632
4194304,0.186112
8388608,0.256864
16777216,0.43568
33554432,0.77488
67108864,1.46374
2,0.18944
4,0.130912
8,0.149504
16,0.152576
32,0.137216
64,0.131072
128,0.147296
256,0.135168
512,0.105472
1024,0.128
2048,0.14848
4096,0.110592
8192,0.116608
16384,0.126976
32768,0.10816
65536,0.09424
131072,0.086688
262144,0.0528
524288,0.052192
1048576,0.066624
2097152,0.09664
4194304,0.161568
8388608,0.281152
16777216,0.45328
33554432,0.772512
67108864,1.45725
2,0.126976
4,0.108544
8,0.131072
16,0.132096
32,0.161792
64,0.164864
128,0.166912
256,0.14848
512,0.1536
1024,0.155744
2048,0.162816
4096,0.123904
8192,0.155648
16384,0.104448
32768,0.102464
65536,0.093344
131072,0.087392
262144,0.0488
524288,0.053984
1048576,0.068128
2097152,0.08912
4194304,0.171456
8388608,0.300064
16777216,0.454976
33554432,0.79456
67108864,1.46701
2,0.157696
4,0.156608
8,0.129024
16,0.152608
32,0.128
64,0.120832
128,0.17408
256,0.140288
512,0.146464
1024,0.134144
2048,0.171008
4096,0.105472
8192,0.110592
16384,0.10752
32768,0.112
65536,0.120192
131072,0.085536
262144,0.049184
524288,0.054528
1048576,0.073152
2097152,0.09312
4194304,0.166816
8388608,0.277376
16777216,0.460096
33554432,0.789152
67108864,1.49798
2,0.142336
4,0.124928
8,0.126976
16,0.12288
32,0.155648
64,0.1536
128,0.161792
256,0.106496
512,0.159744
1024,0.132064
2048,0.180096
4096,0.113696
8192,0.132096
16384,0.11872
32768,0.115808
65536,0.107232
131072,0.082688
262144,0.067712
524288,0.06336
1048576,0.066752
2097152,0.096768
4194304,0.159776
8388608,0.295232
16777216,0.46224
33554432,0.792192
67108864,1.4623
2,0.126784
4,0.134144
8,0.14848
16,0.16576
32,0.136192
64,0.108544
128,0.138336
256,0.165888
512,0.157696
1024,0.162656
2048,0.171968
4096,0.10752
8192,0.128
16384,0.137216
32768,0.102112
65536,0.098336
131072,0.08512
262144,0.053056
524288,0.059232
1048576,0.065792
2097152,0.101664
4194304,0.17632
8388608,0.2832
16777216,0.424992
33554432,0.774368
67108864,1.47747
2,0.15872
4,0.145408
8,0.175168
16,0.152576
32,0.130048
64,0.151552
128,0.129024
256,0.151552
512,0.1536
1024,0.156672
2048,0.170144
4096,0.114688
8192,0.11264
16384,0.112832
32768,0.109856
65536,0.092128
131072,0.07568
262144,0.061248
524288,0.056128
1048576,0.087232
2097152,0.09136
4194304,0.161888
8388608,0.314272
16777216,0.450976
33554432,0.794784
67108864,1.47571
2,0.154624
4,0.154624
8,0.146432
16,0.146368
32,0.167936
64,0.169984
128,0.150528
256,0.121856
512,0.139264
1024,0.132128
2048,0.161696
4096,0.131072
8192,0.129024
16384,0.114688
32768,0.103488
65536,0.097952
131072,0.089216
262144,0.052384
524288,0.054912
1048576,0.065088
2097152,0.09312
4194304,0.184
8388608,0.272
16777216,0.454496
33554432,0.794752
67108864,1.48835
2,0.135328
4,0.151552
8,0.125952
16,0.15472
32,0.185504
64,0.129024
128,0.151552
256,0.169984
512,0.151552
1024,0.15472
2048,0.166912
4096,0.131072
8192,0.119744
16384,0.118816
32768,0.100672
65536,0.092416
131072,0.078176
262144,0.045792
524288,0.062624
1048576,0.068032
2097152,0.099296
4194304,0.166176
8388608,0.269152
16777216,0.454272
33554432,0.774016
67108864,1.47168
